{
    "author": "60 Giây Official",
    "channel_id": "UCRjzfa1E0gA50lvDQipbDMg",
    "channel_url": "https://www.youtube.com/channel/UCRjzfa1E0gA50lvDQipbDMg",
    "description": "60 Giây Sáng - Ngày 31/03/2024 - HTV Tin Tức Mới Nhất 2024\n► Đăng ký KÊNH để xem Tin Tức Mới Nhất: https://bit.ly/2HoUna4\nKênh Tin Tức Thời Sự 60 Giây Là Kênh Tổng Hợp Tin Tức - Sự Kiện - Giải trí Nhanh Nhất Việt Nam.\n\n©️ Bản quyền Tin Tức thuộc HTV - Đài Truyền hình TP.HCM\n©️ The copyright of this video belongs to HTV - Ho Chi Minh City Television\n#TintucthoisuVietnam\n#HTVTintuc #HTVnews #HTV60s #60Giay #60s\n------------\nXem TV online tại Truyền hình HTVC:\n✅ Web / Wap mobile :\n► https://hplus.com.vn\n► https://htvc.com.vn/\n► https://htvc.tv/\n✅ App mobile/TV HTVC :\n► IOS: https://goo.gl/Dih3DB\n► Android: https://goo.gl/XGBzxg\n► Smart TV /STB : Tải HTVC for Android TV\n.\n✅ Theo dõi HTVC trên Mạng xã hội :\n- Facebook Show : https://www.facebook.com/HPlusOfficial\n- Instagram Show : https://www.instagram.com/htvc_truyen_hinh_internet/\n- Lotus Show : https://lotus.vn/w/profile/18444255300272761.htm\n- Tiktok News : https://www.tiktok.com/@htvc.tintuc\n- Tiktok Phim : https://www.tiktok.com/@htvc.phimtruyen\n- Tiktok Show : https://www.tiktok.com/@htvc.truyenhinh\n- Youtube Phim : https://www.youtube.com/c/HplusVn\n- Youtube Phim : https://www.youtube.com/c/HTVCPhim\n- Youtube News : https://www.youtube.com/c/HTV60s",
    "keywords": [],
    "length": 1167,
    "publish_date": "31/03/2024",
    "thumbnail_url": "https://i.ytimg.com/vi/1oOYYzRG48A/sddefault.jpg?v=660a4120",
    "title": "60 Giây Sáng - Ngày 31032024 - HTV Tin Tức Mới Nhất 2024",
    "watch_url": "https://youtube.com/watch?v=1oOYYzRG48A"
}