{
    "author": "60 Giây Official",
    "channel_id": "UCRjzfa1E0gA50lvDQipbDMg",
    "channel_url": "https://www.youtube.com/channel/UCRjzfa1E0gA50lvDQipbDMg",
    "description": "60 Giây Sáng - Ngày 14/03/2024 - HTV Tin Tức Mới Nhất 2024\n► Đăng ký KÊNH để xem Tin Tức Mới Nhất: https://bit.ly/2HoUna4\nKênh Tin Tức Thời Sự 60 Giây Là Kênh Tổng Hợp Tin Tức - Sự Kiện - Giải trí Nhanh Nhất Việt Nam.\n\n©️ Bản quyền Tin Tức thuộc HTV - Đài Truyền hình TP.HCM\n©️ The copyright of this video belongs to HTV - Ho Chi Minh City Television\n#TintucthoisuVietnam\n#HTVTintuc #HTVnews #HTV60s #60Giay #60s\n------------\nXem TV online tại Truyền hình HTVC:\n✅ Web / Wap mobile :\n► https://hplus.com.vn\n► https://htvc.com.vn/\n► https://htvc.tv/\n✅ App mobile/TV HTVC :\n► IOS: https://goo.gl/Dih3DB\n► Android: https://goo.gl/XGBzxg\n► Smart TV /STB : Tải HTVC for Android TV\n.\n✅ Theo dõi HTVC trên Mạng xã hội :\n- Facebook Show : https://www.facebook.com/HPlusOfficial\n- Instagram Show : https://www.instagram.com/htvc_truyen_hinh_internet/\n- Lotus Show : https://lotus.vn/w/profile/18444255300272761.htm\n- Tiktok News : https://www.tiktok.com/@htvc.tintuc\n- Tiktok Phim : https://www.tiktok.com/@htvc.phimtruyen\n- Tiktok Show : https://www.tiktok.com/@htvc.truyenhinh\n- Youtube Phim : https://www.youtube.com/c/HplusVn\n- Youtube Phim : https://www.youtube.com/c/HTVCPhim\n- Youtube News : https://www.youtube.com/c/HTV60s",
    "keywords": [
        "HTV Tin tức",
        "HTV News",
        "chuong trinh 60 giay",
        "chuong trinh 60s",
        "ban tin 60 giay",
        "ban tin 60s",
        "60 giay",
        "60s",
        "60 giay hom nay",
        "Tin tức 60 giây",
        "TIN TUC 60 GIAY",
        "TIN TỨC 60 GI Y",
        "tin tuc 60 giay",
        "tin tức",
        "60 giây",
        "Tin Tức",
        "TIN TUC",
        "60 GIAY",
        "Tin Tức Mới",
        "Tin Tức Mới Nhất",
        "60 Giây",
        "HTV Tin Tức",
        "HTV news",
        "Xem tin tức mới nhất",
        "Xem tin tức",
        "Hôm nay xem gì",
        "60 giây Sáng",
        "60 giây chiều",
        "Bản tin 60s",
        "Tin tức thời sự việt nam",
        "Tin tuc thoi su Viet nam"
    ],
    "length": 1106,
    "publish_date": "14/03/2024",
    "thumbnail_url": "https://i.ytimg.com/vi/uet8DrXG-FM/sddefault.jpg?v=65f26dfc",
    "title": "60 Giây Sáng - Ngày 14032024 - HTV Tin Tức Mới Nhất 2024",
    "watch_url": "https://youtube.com/watch?v=uet8DrXG-FM"
}